entity_group,score,word,start,end
PHYS,0.28559476,urinaire,51,60
PHYS,0.44571152,nuit,70,75
ANAT,0.42803013,boîte,109,115
ANAT,0.3696026,nuit,118,123
CHEM,0.61930615,ng,221,224
CHEM,0.5558163,mL,225,227
CHEM,0.9697959,benzoylecgonine,230,246
CHEM,0.33545822,traces,253,260
CHEM,0.8759711,cocaïne,263,271
PHYS,0.44329685,densité urinaire,291,308
PHYS,0.59391296,créatininurie,314,328
PHYS,0.5584483,dilution,367,376
ANAT,0.4763205,f,482,484
