entity_group,score,word,start,end
LIVB,0.98515594,jeune fille,3,15
CHEM,0.88388205,alcool,87,93
CHEM,0.4445153,1,99,101
CHEM,0.62801194,ecstasy,102,109
DISO,0.46604243,émie,119,123
CHEM,0.42836672,MDMA,143,148
CHEM,0.54587674,metabolite,155,166
CHEM,0.4798807,MDA,169,173
ANAT,0.8279134,sang,197,202
CHEM,0.61766464,"2,1 ng/ml",233,243
