entity_group,score,word,start,end
DISO,0.5534678,coma,77,82
LIVB,0.59130305,camara,94,101
ANAT,0.46816415,de,101,103
PHEN,0.33282542,couleur bleue,135,149
PROC,0.9490931,analyse,153,160
CHEM,0.2664884,extrait,165,173
ANAT,0.51037645,urines,177,184
PROC,0.9471168,chromatographic,188,204
PROC,0.8447925,phase gazeuse,207,221
PROC,0.8890112,spectrométrie de masse,234,257
PROC,0.87753946,CG-SM,259,264
CHEM,0.89897114,7-amino-FNZ,287,299
ANAT,0.4550889,FNZ,313,317
LIVB,0.46169224,camarade,338,347
